use Postgradoffice

--gucian students
insert into PostGradUser (email,password) values ('elshimaa.betah@student.guc.edu.eg','123abc')
insert into PostGradUser (email,password) values ('manar.kalaba@student.guc.edu.eg','123def')
insert into PostGradUser (email,password) values ('sara.hassan@student.guc.edu.eg','123ghi')
insert into PostGradUser (email,password) values ('zeyad.alashaal@student.guc.edu.eg','123jkl')
insert into PostGradUser (email,password) values ('hassan.abdelqader@student.guc.edu.eg','123mno')
insert into PostGradUser (email,password) values ('amir.ammar@student.guc.edu.eg','123pqr')
insert into PostGradUser (email,password) values ('aly.elshorbagy@student.guc.edu.eg','123stu')
insert into PostGradUser (email,password) values ('yahya.elgaar@student.guc.edu.eg','123vwx')
insert into PostGradUser (email,password) values ('dina.salaheldin@student.guc.edu.eg','123yza')
insert into PostGradUser (email,password) values ('zeina.badie@student.guc.edu.eg','456abc')
insert into PostGradUser (email,password) values ('ziad.hegazy@student.guc.edu.eg','456def')
insert into PostGradUser (email,password) values ('yahya.akel@student.guc.edu.eg','456ghi')
insert into PostGradUser (email,password) values ('mohamed.elbehiri@student.guc.edu.eg','456jkl')
insert into PostGradUser (email,password) values ('hussein.ebrahim@student.guc.edu.eg','456mno')
insert into PostGradUser (email,password) values ('marwan.ibrahim@student.guc.edu.eg','456pqr')
insert into PostGradUser (email,password) values ('farida.kroush@student.guc.edu.eg','456stu')

go

select * from Supervisor

--gucian students

--master gucian engineering
insert into GucianStudent (id,firstName,lastName,type,faculty,address,gpa,undergradID)
values (1,'elshimaa','betah','master','engineering','1 mostafa al nahas madinet nasr',2.01,'1001')
insert into GucianStudent (id,firstName,lastName,type,faculty,address,gpa,undergradID)
values (2,'manar','kalaba','master','engineering','2 mostafa al nahas madinet nasr',2.02,'1002')
insert into GucianStudent (id,firstName,lastName,type,faculty,address,gpa,undergradID)
values (3,'sara','hassan','master','engineering','3 mostafa al nahas madinet nasr',2.03,'1003')
insert into GucianStudent (id,firstName,lastName,type,faculty,address,gpa,undergradID)
values (4,'zeyad','alashaal','master','engineering','4 mostafa al nahas madinet nasr',2.04,'1004')
insert into GucianStudent (id,firstName,lastName,type,faculty,address,gpa,undergradID)
--phd gucian engineering
values (5,'hassan','abdelqader','phd','engineering','5 mostafa al nahas madinet nasr',2.05,'1005')
insert into GucianStudent (id,firstName,lastName,type,faculty,address,gpa,undergradID)
values (6,'amir','ammar','phd','engineering','6 mostafa al nahas madinet nasr',2.06,'1006')
insert into GucianStudent (id,firstName,lastName,type,faculty,address,gpa,undergradID)
values (7,'aly','elshorbagy','phd','engineering','7 mostafa al nahas madinet nasr',2.07,'1007')
insert into GucianStudent (id,firstName,lastName,type,faculty,address,gpa,undergradID)
values (8,'yahya','elgaar','phd','engineering','8 mostafa al nahas madinet nasr',2.08,'1008')
insert into GucianStudent (id,firstName,lastName,type,faculty,address,gpa,undergradID)
--master gucian management
values (9,'dina','salaheldin','master','management','9 mostafa al nahas madinet nasr',2.09,'1009')
insert into GucianStudent (id,firstName,lastName,type,faculty,address,gpa,undergradID)
values (10,'zeina','badie','master','management','10 mostafa al nahas madinet nasr',2.1,'1010')
insert into GucianStudent (id,firstName,lastName,type,faculty,address,gpa,undergradID)
values (11,'ziad','hegazy','master','management','11 mostafa al nahas madinet nasr',2.11,'1011')
insert into GucianStudent (id,firstName,lastName,type,faculty,address,gpa,undergradID)
values (12,'yahya','akel','master','management','12 mostafa al nahas madinet nasr',2.12,'1012')
insert into GucianStudent (id,firstName,lastName,type,faculty,address,gpa,undergradID)
--phd gucian management
values (13,'mohamed','elbehiri','phd','management','13 mostafa al nahas madinet nasr',2.13,'1013')
insert into GucianStudent (id,firstName,lastName,type,faculty,address,gpa,undergradID)
values (14,'hussein','ebrahim','phd','management','14 mostafa al nahas madinet nasr',2.14,'1014')
insert into GucianStudent (id,firstName,lastName,type,faculty,address,gpa,undergradID)
values (15,'marwan','ibrahim','phd','management','15 mostafa al nahas madinet nasr',2.15,'1015')
insert into GucianStudent (id,firstName,lastName,type,faculty,address,gpa,undergradID)
values (16,'farida','kroush','phd','management','16 mostafa al nahas madinet nasr',2.16,'1016')

go

--nongucian students
insert into PostGradUser (email,password) values ('hams.dorgham@student.bue.edu.eg','abc123')
insert into PostGradUser (email,password) values ('farah.fouad@student.bue.edu.eg','def123')
insert into PostGradUser (email,password) values ('malak.fahmy@student.bue.edu.eg','ghi123')
insert into PostGradUser (email,password) values ('hazem.elhegazy@student.bue.edu.eg','jkl123')
insert into PostGradUser (email,password) values ('rana.mohamed@student.bue.edu.eg','mno123')
insert into PostGradUser (email,password) values ('yomna.khonfes@student.bue.edu.eg','pqr123')
insert into PostGradUser (email,password) values ('abdelrahman.elsalh@student.bue.edu.eg','stu123')
insert into PostGradUser (email,password) values ('mario.shehata@student.bue.edu.eg','vwx123')
insert into PostGradUser (email,password) values ('mohamed.almarsfy@student.bue.edu.eg','yza123')
insert into PostGradUser (email,password) values ('doha.abdelhady@student.bue.edu.eg','abc456')
insert into PostGradUser (email,password) values ('adam.mostafa@student.bue.edu.eg','def456')
insert into PostGradUser (email,password) values ('abdelrahaman.ibrahim@student.bue.edu.eg','ghi456')
insert into PostGradUser (email,password) values ('farida.kassem@student.bue.edu.eg','jkl456')
insert into PostGradUser (email,password) values ('farida.rifai@student.bue.edu.eg','mno456')
insert into PostGradUser (email,password) values ('soha.eltayeb@student.bue.edu.eg','pqr456')
insert into PostGradUser (email,password) values ('raneem.elsanhoury@student.bue.edu.eg','stu456')

go

--nongucian students
--master nongucian engineering
insert into NonGucianStudent (id,firstName,lastName,type,faculty,address,gpa)
values (17,'hams','dorgham','master','engineering',' 17 mostafa al nahas madinet nasr',2.17)
insert into NonGucianStudent (id,firstName,lastName,type,faculty,address,gpa)
values (18,'farah','fouad','master','engineering','18 mostafa al nahas madinet nasr',2.18)
insert into NonGucianStudent (id,firstName,lastName,type,faculty,address,gpa)
values (19,'malak','fahmy','master','engineering','19 mostafa al nahas madinet nasr',2.19)
insert into NonGucianStudent (id,firstName,lastName,type,faculty,address,gpa)
values (20,'hazem','elhegazy','master','engineering','20 mostafa al nahas madinet nasr',2.2)
--phd nongucian engineering
insert into NonGucianStudent (id,firstName,lastName,type,faculty,address,gpa)
values (21,'rana','mohamed','phd','engineering','21 mostafa al nahas madinet nasr',2.21)
insert into NonGucianStudent (id,firstName,lastName,type,faculty,address,gpa)
values (22,'yomna','khonfes','phd','engineering','22 mostafa al nahas madinet nasr',2.22)
insert into NonGucianStudent (id,firstName,lastName,type,faculty,address,gpa)
values (23,'abdelrahman','elsalh','phd','engineering','23 mostafa al nahas madinet nasr',2.23)
insert into NonGucianStudent (id,firstName,lastName,type,faculty,address,gpa)
values (24,'mario','shehata','phd','engineering','24 mostafa al nahas madinet nasr',2.24)
insert into NonGucianStudent (id,firstName,lastName,type,faculty,address,gpa)
--master nongucian management
values (25,'mohamed','almarsfy','master','management','25 mostafa al nahas madinet nasr',2.25)
insert into NonGucianStudent (id,firstName,lastName,type,faculty,address,gpa)
values (26,'doha','abdelhady','master','management','26 mostafa al nahas madinet nasr',2.26)
insert into NonGucianStudent (id,firstName,lastName,type,faculty,address,gpa)
values (27,'adam','mostafa','master','management','27 mostafa al nahas madinet nasr',2.27)
insert into NonGucianStudent (id,firstName,lastName,type,faculty,address,gpa)
values (28,'abdelrahaman','ibrahim','master','management','28 mostafa al nahas madinet nasr',2.28)
insert into NonGucianStudent (id,firstName,lastName,type,faculty,address,gpa)
--phd nongucian management
values (29,'farida','kassem','phd','management','29 mostafa al nahas madinet nasr',2.29)
insert into NonGucianStudent (id,firstName,lastName,type,faculty,address,gpa)
values (30,'farida','rifai','phd','management','30 mostafa al nahas madinet nasr',2.3)
insert into NonGucianStudent (id,firstName,lastName,type,faculty,address,gpa)
values (31,'soha','eltayeb','phd','management','31 mostafa al nahas madinet nasr',2.31)
insert into NonGucianStudent (id,firstName,lastName,type,faculty,address,gpa)
values (32,'raneem','elsanhoury','phd','management','32 mostafa al nahas madinet nasr',2.32)

go

--admins
insert into PostGradUser (email,password) values ('lara.helmy@student.guc.edu.eg','678abc')
insert into PostGradUser (email,password) values ('fady.malak@student.guc.edu.eg','678def')
insert into PostGradUser (email,password) values ('abdulrahman.said@student.guc.edu.eg','678ghi')
insert into PostGradUser (email,password) values ('abdelrahman.shahat@student.guc.edu.eg','678jkl')
insert into PostGradUser (email,password) values ('ahmed.abokhater@student.guc.edu.eg','678mno')
insert into PostGradUser (email,password) values ('mina.ibrahim@student.guc.edu.eg','678pqr')
insert into PostGradUser (email,password) values ('hania.elkhayat@student.guc.edu.eg','678stu')
insert into PostGradUser (email,password) values ('dina.tamer@student.guc.edu.eg','678vwx')
insert into PostGradUser (email,password) values ('bassel.khalifa@student.guc.edu.eg','678yza')
insert into PostGradUser (email,password) values ('hussein.elsawaf@student.guc.edu.eg','abc678')
insert into PostGradUser (email,password) values ('michael.ramzy@student.guc.edu.eg','def678')
insert into PostGradUser (email,password) values ('aya.mohamed@student.guc.edu.eg','ghi678')
insert into PostGradUser (email,password) values ('seif.omar@student.guc.edu.eg','jkl678')
insert into PostGradUser (email,password) values ('lina.elnaggar@student.guc.edu.eg','mno678')
insert into PostGradUser (email,password) values ('yasmine.elshinawi@student.guc.edu.eg','pqr678')
insert into PostGradUser (email,password) values ('nouran.nabil@student.guc.edu.eg','stu678')

go

--admins

insert into admin (id) values (33)
insert into admin (id) values (34)
insert into admin (id) values (35)
insert into admin (id) values (36)
insert into admin (id) values (37)
insert into admin (id) values (38)
insert into admin (id) values (39)
insert into admin (id) values (40)
insert into admin (id) values (41)
insert into admin (id) values (42)
insert into admin (id) values (43)
insert into admin (id) values (44)
insert into admin (id) values (45)
insert into admin (id) values (46)
insert into admin (id) values (47)
insert into admin (id) values (48) 

go

--supervisors
insert into PostGradUser (email,password) values ('malak.aboelata@student.guc.edu.eg','1234abc')
insert into PostGradUser (email,password) values ('malak.elkhashab@student.guc.edu.eg','1234def')
insert into PostGradUser (email,password) values ('shams.ghanem@student.guc.edu.eg','1234ghi')
insert into PostGradUser (email,password) values ('ali.elserafy@student.guc.edu.eg','1234jkl')
insert into PostGradUser (email,password) values ('kareem.eid@student.guc.edu.eg','1234mno')
insert into PostGradUser (email,password) values ('yousef.alam@student.guc.edu.eg','1234pqr')
insert into PostGradUser (email,password) values ('akram.fahim@student.guc.edu.eg','1234stu')
insert into PostGradUser (email,password) values ('menatallah.mohamed@student.guc.edu.eg','1234vwx')
insert into PostGradUser (email,password) values ('adham.abdelaal@student.guc.edu.eg','1234yza')
insert into PostGradUser (email,password) values ('salma.abdelqader@student.guc.edu.eg','4567abc')
insert into PostGradUser (email,password) values ('hana.elmonayeri@student.guc.edu.eg','4567def')
insert into PostGradUser (email,password) values ('zeyad.elsayed@student.guc.edu.eg','4567ghi')
insert into PostGradUser (email,password) values ('omar.ahmed@student.guc.edu.eg','4567jkl')
insert into PostGradUser (email,password) values ('habiba.abdelhamid@student.guc.edu.eg','4567mno')
insert into PostGradUser (email,password) values ('michael.yassa@student.guc.edu.eg','4567pqr')
insert into PostGradUser (email,password) values ('mohamed.tamer@student.guc.edu.eg','4567stu')

go

--supervisors

--engineering supervisors
insert into Supervisor (id,name,faculty) values (49,'malak aboelata','engineering')
insert into Supervisor (id,name,faculty) values (50,'malak elkhashab','engineering')
insert into Supervisor (id,name,faculty) values (51,'shams ghanem','engineering')
insert into Supervisor (id,name,faculty) values (52,'ali elserafy','engineering')
insert into Supervisor (id,name,faculty) values (53,'kareem eid','engineering')
insert into Supervisor (id,name,faculty) values (54,'yousef alam','engineering')
insert into Supervisor (id,name,faculty) values (55,'akram fahim','engineering')
insert into Supervisor (id,name,faculty) values (56,'menatallah mohamed','engineering')
--management supervisors
insert into Supervisor (id,name,faculty) values (57,'adham abdelaal','management')
insert into Supervisor (id,name,faculty) values (58,'salma abdelqader','management')
insert into Supervisor (id,name,faculty) values (59,'hana elmonayeri','management')
insert into Supervisor (id,name,faculty) values (60,'zeyad elsayed','management')
insert into Supervisor (id,name,faculty) values (61,'omar ahmed','management')
insert into Supervisor (id,name,faculty) values (62,'habiba abdelhamid','management')
insert into Supervisor (id,name,faculty) values (63,'michael yassa','management')
insert into Supervisor (id,name,faculty) values (64,'mohamed tamer','management')

go

--examiners

insert into PostGradUser (email,password) values ('jack.bebawy@student.guc.edu.eg','abc1234')
insert into PostGradUser (email,password) values ('adham.mohamed@student.guc.edu.eg','def1234')
insert into PostGradUser (email,password) values ('omar.warda@student.guc.edu.eg','ghi1234')
insert into PostGradUser (email,password) values ('nathalie.george@student.guc.edu.eg','jkl1234')
insert into PostGradUser (email,password) values ('mohamed.yehiasalama@student.guc.edu.eg','mno1234')
insert into PostGradUser (email,password) values ('alhussien.abdelaal@student.guc.edu.eg','pqr1234')
insert into PostGradUser (email,password) values ('nayer.kotry@student.guc.edu.eg','stu1234')
insert into PostGradUser (email,password) values ('rana.ibrahim@student.guc.edu.eg','vwx1234')
insert into PostGradUser (email,password) values ('ahmed.mohamedaly@student.guc.edu.eg','yza1234')
insert into PostGradUser (email,password) values ('alaaeldin.sayed@student.guc.edu.eg','abc4567')
insert into PostGradUser (email,password) values ('aya.abdelghaffar@student.guc.edu.eg','def4567')
insert into PostGradUser (email,password) values ('hala.hashad@student.guc.edu.eg','ghi4567')
insert into PostGradUser (email,password) values ('mariam.abdo@student.guc.edu.eg','jkl4567')
insert into PostGradUser (email,password) values ('mohamed.abdelnour@student.guc.edu.eg','mno4567')
insert into PostGradUser (email,password) values ('farah.seoudy@student.guc.edu.eg','pqr4567')
insert into PostGradUser (email,password) values ('anne.ghaly@student.guc.edu.eg','stu4567')

go

--examiners

--engineering examiners
insert into Examiner (id,name,fieldofwork,isnational) values (65,'jack bebawy','engineering','1')
insert into Examiner (id,name,fieldofwork,isnational) values (66,'adham mohamed','engineering','1')
insert into Examiner (id,name,fieldofwork,isnational) values (67,'omar warda','engineering','1')
insert into Examiner (id,name,fieldofwork,isnational) values (68,'nathalie george','engineering','1')
insert into Examiner (id,name,fieldofwork,isnational) values (69,'mohamed yehiasalama','engineering','0')
insert into Examiner (id,name,fieldofwork,isnational) values (70,'alhussien abdelaal','engineering','0')
insert into Examiner (id,name,fieldofwork,isnational) values (71,'nayer kotry','engineering','0')
insert into Examiner (id,name,fieldofwork,isnational) values (72,'rana ibrahim','engineering','0')
--management examiners
insert into Examiner (id,name,fieldofwork,isnational) values (73,'ahmed mohamedaly','management','1')
insert into Examiner (id,name,fieldofwork,isnational) values (74,'alaaeldin sayed','management','1')
insert into Examiner (id,name,fieldofwork,isnational) values (75,'aya abdelghaffar','management','1')
insert into Examiner (id,name,fieldofwork,isnational) values (76,'hala hashad','management','1')
insert into Examiner (id,name,fieldofwork,isnational) values (77,'mariam abdo','management','0')
insert into Examiner (id,name,fieldofwork,isnational) values (78,'mohamed abdelnour','management','0')
insert into Examiner (id,name,fieldofwork,isnational) values (79,'farah seoudy','management','0')
insert into Examiner (id,name,fieldofwork,isnational) values (80,'anne ghaly','management','0')

go

--gucian phones

insert into GUCStudentPhoneNumber (id,phone) values (1,'01111111111')
insert into GUCStudentPhoneNumber (id,phone) values (2,'01111111112')
insert into GUCStudentPhoneNumber (id,phone) values (3,'01111111113')
insert into GUCStudentPhoneNumber (id,phone) values (4,'01111111114')
insert into GUCStudentPhoneNumber (id,phone) values (5,'01111111115')
insert into GUCStudentPhoneNumber (id,phone) values (6,'01111111116')
insert into GUCStudentPhoneNumber (id,phone) values (7,'01111111117')
insert into GUCStudentPhoneNumber (id,phone) values (8,'01111111118')
insert into GUCStudentPhoneNumber (id,phone) values (9,'01111111119')
insert into GUCStudentPhoneNumber (id,phone) values (10,'01111111120')
insert into GUCStudentPhoneNumber (id,phone) values (11,'01111111121')
insert into GUCStudentPhoneNumber (id,phone) values (12,'01111111122')
insert into GUCStudentPhoneNumber (id,phone) values (13,'01111111123')
insert into GUCStudentPhoneNumber (id,phone) values (14,'01111111124')
insert into GUCStudentPhoneNumber (id,phone) values (15,'01111111125')
insert into GUCStudentPhoneNumber (id,phone) values (16,'01111111126')
insert into GUCStudentPhoneNumber (id,phone) values (10,'01111111127')

go

--nongucian phones

insert into NonGUCStudentPhoneNumber (id,phone) values (17,'01211111110')
insert into NonGUCStudentPhoneNumber (id,phone) values (18,'01211111111')
insert into NonGUCStudentPhoneNumber (id,phone) values (19,'01211111112')
insert into NonGUCStudentPhoneNumber (id,phone) values (20,'01211111113')
insert into NonGUCStudentPhoneNumber (id,phone) values (21,'01211111114')
insert into NonGUCStudentPhoneNumber (id,phone) values (22,'01211111115')
insert into NonGUCStudentPhoneNumber (id,phone) values (23,'01211111116')
insert into NonGUCStudentPhoneNumber (id,phone) values (24,'01211111117')
insert into NonGUCStudentPhoneNumber (id,phone) values (25,'01211111118')
insert into NonGUCStudentPhoneNumber (id,phone) values (26,'01211111119')
insert into NonGUCStudentPhoneNumber (id,phone) values (27,'01211111120')
insert into NonGUCStudentPhoneNumber (id,phone) values (28,'01211111121')
insert into NonGUCStudentPhoneNumber (id,phone) values (29,'01211111122')
insert into NonGUCStudentPhoneNumber (id,phone) values (30,'01211111123')
insert into NonGUCStudentPhoneNumber (id,phone) values (31,'01211111124')
insert into NonGUCStudentPhoneNumber (id,phone) values (32,'01211111125')

go

--courses

insert into course (fees,creditHours,code) values ( 2000 , 2 , 'csen111')
insert into course (fees,creditHours,code) values ( 3000 , 4 , 'elec213')
insert into course (fees,creditHours,code) values ( 4000 , 6 , 'mng112')
insert into course (fees,creditHours,code) values ( 5000 , 8 , 'dmt211')

go

--payment

--courses payments
insert into payment (amount,no_Installments, fundpercentage ) values  ( 2000 , 2 , 0.1 )
insert into payment (amount,no_Installments, fundpercentage ) values  ( 2000 , 2 , 0.1 )
insert into payment (amount,no_Installments, fundpercentage ) values  ( 2000 , 2 , 0.1 )
insert into payment (amount,no_Installments, fundpercentage ) values  ( 2000 , 2 , 0.1 )
insert into payment (amount,no_Installments, fundpercentage ) values  ( 3000 , 3 , 0.1 )
insert into payment (amount,no_Installments, fundpercentage ) values  ( 3000 , 3 , 0.1 )
insert into payment (amount,no_Installments, fundpercentage ) values  ( 3000 , 3 , 0.1 )
insert into payment (amount,no_Installments, fundpercentage ) values  ( 3000 , 3 , 0.1 )
insert into payment (amount,no_Installments, fundpercentage ) values  ( 4000 , 4 , 0.1 )
insert into payment (amount,no_Installments, fundpercentage ) values  ( 4000 , 4 , 0.1 )
insert into payment (amount,no_Installments, fundpercentage ) values  ( 4000 , 4 , 0.1 )
insert into payment (amount,no_Installments, fundpercentage ) values  ( 4000 , 4 , 0.1 )
insert into payment (amount,no_Installments, fundpercentage ) values  ( 5000 , 5 , 0.1 )
insert into payment (amount,no_Installments, fundpercentage ) values  ( 5000 , 5 , 0.1 )
insert into payment (amount,no_Installments, fundpercentage ) values  ( 5000 , 5 , 0.1 )
insert into payment (amount,no_Installments, fundpercentage ) values  ( 5000 , 5 , 0.1 )
--master and phd for gucians 
insert into payment (amount,no_Installments, fundpercentage ) values  ( 6000 , 3 , 0.1 )
insert into payment (amount,no_Installments, fundpercentage ) values  ( 6000 , 3 , 0.1 )
insert into payment (amount,no_Installments, fundpercentage ) values  ( 6000 , 3 , 0.1 )
insert into payment (amount,no_Installments, fundpercentage ) values  ( 6000 , 3 , 0.1 )
insert into payment (amount,no_Installments, fundpercentage ) values  ( 12000 , 6 , 0.1 )
insert into payment (amount,no_Installments, fundpercentage ) values  ( 12000 , 6 , 0.1 )
insert into payment (amount,no_Installments, fundpercentage ) values  ( 12000 , 6 , 0.1 )
insert into payment (amount,no_Installments, fundpercentage ) values  ( 12000 , 6 , 0.1 )
insert into payment (amount,no_Installments, fundpercentage ) values  ( 6000 , 3 , 0.1 )
insert into payment (amount,no_Installments, fundpercentage ) values  ( 6000 , 3 , 0.1 )
insert into payment (amount,no_Installments, fundpercentage ) values  ( 6000 , 3 , 0.1 )
insert into payment (amount,no_Installments, fundpercentage ) values  ( 6000 , 3 , 0.1 )
insert into payment (amount,no_Installments, fundpercentage ) values  ( 12000 , 6 , 0.1 )
insert into payment (amount,no_Installments, fundpercentage ) values  ( 12000 , 6 , 0.1 )
insert into payment (amount,no_Installments, fundpercentage ) values  ( 12000 , 6 , 0.1 )
insert into payment (amount,no_Installments, fundpercentage ) values  ( 12000 , 6 , 0.1 )
--master and phd for nongucians
insert into payment (amount,no_Installments, fundpercentage ) values  ( 6000 , 3 , 0.1 )
insert into payment (amount,no_Installments, fundpercentage ) values  ( 6000 , 3 , 0.1 )
insert into payment (amount,no_Installments, fundpercentage ) values  ( 6000 , 3 , 0.1 )
insert into payment (amount,no_Installments, fundpercentage ) values  ( 6000 , 3 , 0.1 )
insert into payment (amount,no_Installments, fundpercentage ) values  ( 12000 , 6 , 0.1 )
insert into payment (amount,no_Installments, fundpercentage ) values  ( 12000 , 6 , 0.1 )
insert into payment (amount,no_Installments, fundpercentage ) values  ( 12000 , 6 , 0.1 )
insert into payment (amount,no_Installments, fundpercentage ) values  ( 12000 , 6 , 0.1 )
insert into payment (amount,no_Installments, fundpercentage ) values  ( 6000 , 3 , 0.1 )
insert into payment (amount,no_Installments, fundpercentage ) values  ( 6000 , 3 , 0.1 )
insert into payment (amount,no_Installments, fundpercentage ) values  ( 6000 , 3 , 0.1 )
insert into payment (amount,no_Installments, fundpercentage ) values  ( 6000 , 3 , 0.1 )
insert into payment (amount,no_Installments, fundpercentage ) values  ( 12000 , 6 , 0.1 )
insert into payment (amount,no_Installments, fundpercentage ) values  ( 12000 , 6 , 0.1 )
insert into payment (amount,no_Installments, fundpercentage ) values  ( 12000 , 6 , 0.1 )
insert into payment (amount,no_Installments, fundpercentage ) values  ( 12000 , 6 , 0.1 )



go

--installements

--courses installments

insert into Installment (date,paymentId,amount,done) values ('2021-1-10' , 1 , 1100 , '1')
insert into Installment (date,paymentId,amount,done) values ('2021-1-20', 1 , 1100 , '1')
insert into Installment (date,paymentId,amount,done) values ('2021-1-10' , 2 , 1100 , '1')
insert into Installment (date,paymentId,amount,done) values ('2021-1-20', 2 , 1100 , '1')
insert into Installment (date,paymentId,amount,done) values ('2021-1-10' , 3 , 1100 , '1')
insert into Installment (date,paymentId,amount,done) values ('2021-1-20',  3, 1100 , '1')
insert into Installment (date,paymentId,amount,done) values ('2021-1-10' , 4 , 1100 , '1')
insert into Installment (date,paymentId,amount,done) values ('2021-1-20',  4, 1100 , '1')
insert into Installment (date,paymentId,amount,done) values ('2021-1-10', 5,  1100 , '1')
insert into Installment (date,paymentId,amount,done) values ('2021-1-20', 5 , 1100 , '1')
insert into Installment (date,paymentId,amount,done) values ('2022-1-30', 5 , 1100 , '0')
insert into Installment (date,paymentId,amount,done) values ('2021-1-10', 6,  1100 , '1')
insert into Installment (date,paymentId,amount,done) values ('2021-1-20', 6 , 1100 , '1')
insert into Installment (date,paymentId,amount,done) values ('2022-1-30', 6 , 1100 , '0')
insert into Installment (date,paymentId,amount,done) values ('2021-1-10', 7,  1100 , '1')
insert into Installment (date,paymentId,amount,done) values ('2021-1-20', 7 , 1100 , '1')
insert into Installment (date,paymentId,amount,done) values ('2022-1-30', 7 , 1100 , '0')
insert into Installment (date,paymentId,amount,done) values ('2021-1-10', 8,  1100 , '1')
insert into Installment (date,paymentId,amount,done) values ('2021-1-20', 8 , 1100 , '1')
insert into Installment (date,paymentId,amount,done) values ('2022-1-30', 8 , 1100 , '0')
insert into Installment (date,paymentId,amount,done) values ('2021-1-10' , 9 , 1100 , '1')
insert into Installment (date,paymentId,amount,done) values ('2021-1-20' , 9 , 1100 , '1')
insert into Installment (date,paymentId,amount,done) values ('2022-1-30',  9, 1100 , '0')
insert into Installment (date,paymentId,amount,done) values ('2022-2-10',  9, 1100 , '0')
insert into Installment (date,paymentId,amount,done) values ('2021-1-10' , 10 , 1100 , '1')
insert into Installment (date,paymentId,amount,done) values ('2021-1-20' ,  10, 1100 , '1')
insert into Installment (date,paymentId,amount,done) values ('2022-1-30',  10, 1100 , '0')
insert into Installment (date,paymentId,amount,done) values ('2022-2-10',  10, 1100 , '0')
insert into Installment (date,paymentId,amount,done) values ('2021-1-10' , 11 , 1100 , '1')
insert into Installment (date,paymentId,amount,done) values ('2021-1-20' , 11 , 1100 , '1')
insert into Installment (date,paymentId,amount,done) values ('2022-1-30',  11, 1100 , '0')
insert into Installment (date,paymentId,amount,done) values ('2022-2-10',  11, 1100 , '0')
insert into Installment (date,paymentId,amount,done) values ('2021-1-10' ,  12, 1100 , '1')
insert into Installment (date,paymentId,amount,done) values ('2021-1-20' , 12 , 1100 , '1')
insert into Installment (date,paymentId,amount,done) values ('2022-1-30',  12, 1100 , '0')
insert into Installment (date,paymentId,amount,done) values ('2022-2-10',  12, 1100 , '0')
insert into Installment (date,paymentId,amount,done) values ('2021-1-10', 13 , 1100 , '1')
insert into Installment (date,paymentId,amount,done) values ('2021-1-20' , 13 , 1100 , '1')
insert into Installment (date,paymentId,amount,done) values ('2021-1-30',  13, 1100 , '1')
insert into Installment (date,paymentId,amount,done) values ('2022-2-10',  13, 1100 , '0')
insert into Installment (date,paymentId,amount,done) values ('2022-2-20' , 13 , 1100 , '0')
insert into Installment (date,paymentId,amount,done) values ('2021-1-10', 14 , 1100 , '1')
insert into Installment (date,paymentId,amount,done) values ('2021-1-20' , 14 , 1100 , '1')
insert into Installment (date,paymentId,amount,done) values ('2021-1-30', 14 , 1100 , '1')
insert into Installment (date,paymentId,amount,done) values ('2022-2-10', 14 , 1100 , '0')
insert into Installment (date,paymentId,amount,done) values ('2022-2-20' , 14 , 1100 , '0')
insert into Installment (date,paymentId,amount,done) values ('2021-1-10', 15 , 1100 , '1')
insert into Installment (date,paymentId,amount,done) values ('2021-1-20' , 15 , 1100 , '1')
insert into Installment (date,paymentId,amount,done) values ('2021-1-30', 15 , 1100 , '1')
insert into Installment (date,paymentId,amount,done) values ('2022-2-10', 15 , 1100 , '0')
insert into Installment (date,paymentId,amount,done) values ('2022-2-20' , 15 , 1100 , '0')
insert into Installment (date,paymentId,amount,done) values ('2021-1-10', 16 , 1100 , '1')
insert into Installment (date,paymentId,amount,done) values ('2021-1-20' , 16 , 1100 , '1')
insert into Installment (date,paymentId,amount,done) values ('2021-1-30', 16 , 1100 , '1')
insert into Installment (date,paymentId,amount,done) values ('2022-2-10', 16 , 1100 , '0')
insert into Installment (date,paymentId,amount,done) values ('2022-2-20' , 16 , 1100 , '0')
--thesis installments
insert into Installment (date,paymentId,amount,done) values ('2021-1-10' , 17 , 2200 , '1')
insert into Installment (date,paymentId,amount,done) values ('2021-1-20' , 17 , 2200 , '1')
insert into Installment (date,paymentId,amount,done) values ('2022-1-30' , 17 , 2200 , '0')
insert into Installment (date,paymentId,amount,done) values ('2021-1-10' , 18 , 2200 , '1')
insert into Installment (date,paymentId,amount,done) values ('2021-1-20' , 18 , 2200 , '1')
insert into Installment (date,paymentId,amount,done) values ('2022-1-30' , 18 , 2200 , '0')
insert into Installment (date,paymentId,amount,done) values ('2021-1-10' , 19 , 2200 , '1')
insert into Installment (date,paymentId,amount,done) values ('2021-1-20' , 19 , 2200 , '1')
insert into Installment (date,paymentId,amount,done) values ('2022-1-30' , 19 , 2200 , '0')
insert into Installment (date,paymentId,amount,done) values ('2021-1-10' , 20 , 2200 , '1')
insert into Installment (date,paymentId,amount,done) values ('2021-1-20' , 20 , 2200 , '1')
insert into Installment (date,paymentId,amount,done) values ('2022-1-30' , 20 , 2200 , '0')
insert into Installment (date,paymentId,amount,done) values ('2021-1-10' , 21 , 2200 , '1')
insert into Installment (date,paymentId,amount,done) values ('2021-1-20' , 21 , 2200 , '1')
insert into Installment (date,paymentId,amount,done) values ('2021-1-30' , 21 , 2200 , '1')
insert into Installment (date,paymentId,amount,done) values ('2021-2-10' , 21 , 2200 , '1')
insert into Installment (date,paymentId,amount,done) values ('2022-2-20' , 21, 2200 , '0')
insert into Installment (date,paymentId,amount,done) values ('2022-2-28' , 21, 2200 , '0')
insert into Installment (date,paymentId,amount,done) values ('2021-1-10' , 22, 2200 , '1')
insert into Installment (date,paymentId,amount,done) values ('2021-1-20' , 22, 2200 , '1')
insert into Installment (date,paymentId,amount,done) values ('2021-1-30' , 22, 2200 , '1')
insert into Installment (date,paymentId,amount,done) values ('2021-2-10' , 22 , 2200 , '1')
insert into Installment (date,paymentId,amount,done) values ('2022-2-20' , 22 , 2200 , '0')
insert into Installment (date,paymentId,amount,done) values ('2022-2-28' , 22, 2200 , '0')
insert into Installment (date,paymentId,amount,done) values ('2021-1-10' , 23, 2200 , '1')
insert into Installment (date,paymentId,amount,done) values ('2021-1-20' , 23, 2200 , '1')
insert into Installment (date,paymentId,amount,done) values ('2021-1-30' , 23 , 2200 , '1')
insert into Installment (date,paymentId,amount,done) values ('2021-2-10' , 23, 2200 , '1')
insert into Installment (date,paymentId,amount,done) values ('2022-2-20' , 23, 2200 , '0')
insert into Installment (date,paymentId,amount,done) values ('2022-2-28' , 23, 2200 , '0')
insert into Installment (date,paymentId,amount,done) values ('2021-1-10' , 24 , 2200 , '1')
insert into Installment (date,paymentId,amount,done) values ('2021-1-20' , 24 , 2200 , '1')
insert into Installment (date,paymentId,amount,done) values ('2021-1-30' ,  24, 2200 , '1')
insert into Installment (date,paymentId,amount,done) values ('2021-2-10' ,  24, 2200 , '1')
insert into Installment (date,paymentId,amount,done) values ('2022-2-20' , 24, 2200 , '0')
insert into Installment (date,paymentId,amount,done) values ('2022-2-28' , 24 , 2200 , '0')
insert into Installment (date,paymentId,amount,done) values ('2021-1-10' , 25 , 2200 , '1')
insert into Installment (date,paymentId,amount,done) values ('2021-1-20' , 25 , 2200 , '1')
insert into Installment (date,paymentId,amount,done) values ('2022-1-30' , 25 , 2200 , '0')
insert into Installment (date,paymentId,amount,done) values ('2021-1-10' , 26, 2200 , '1')
insert into Installment (date,paymentId,amount,done) values ('2021-1-20' , 26, 2200 , '1')
insert into Installment (date,paymentId,amount,done) values ('2022-1-30' , 26 , 2200 , '0')
insert into Installment (date,paymentId,amount,done) values ('2021-1-10' , 27, 2200 , '1')
insert into Installment (date,paymentId,amount,done) values ('2021-1-20' , 27, 2200 , '1')
insert into Installment (date,paymentId,amount,done) values ('2022-1-30' ,  27, 2200 , '0')
insert into Installment (date,paymentId,amount,done) values ('2021-1-10' ,  28, 2200 , '1')
insert into Installment (date,paymentId,amount,done) values ('2021-1-20' , 28, 2200 , '1')
insert into Installment (date,paymentId,amount,done) values ('2022-1-30' , 28 , 2200 , '0')
insert into Installment (date,paymentId,amount,done) values ('2021-1-10' , 29 , 2200 , '1')
insert into Installment (date,paymentId,amount,done) values ('2021-1-20' ,  29, 2200 , '1')
insert into Installment (date,paymentId,amount,done) values ('2021-1-30' ,  29, 2200 , '1')
insert into Installment (date,paymentId,amount,done) values ('2021-2-10' ,  29, 2200 , '1')
insert into Installment (date,paymentId,amount,done) values ('2022-2-20' , 29, 2200 , '0')
insert into Installment (date,paymentId,amount,done) values ('2022-2-28' , 29 , 2200 , '0')
insert into Installment (date,paymentId,amount,done) values ('2021-1-10' ,  30, 2200 , '1')
insert into Installment (date,paymentId,amount,done) values ('2021-1-20' ,  30, 2200 , '1')
insert into Installment (date,paymentId,amount,done) values ('2021-1-30' ,  30, 2200 , '1')
insert into Installment (date,paymentId,amount,done) values ('2021-2-10' ,  30, 2200 , '1')
insert into Installment (date,paymentId,amount,done) values ('2022-2-20' , 30, 2200 , '0')
insert into Installment (date,paymentId,amount,done) values ('2022-2-28' ,  30, 2200 , '0')
insert into Installment (date,paymentId,amount,done) values ('2021-1-10' ,  31, 2200 , '1')
insert into Installment (date,paymentId,amount,done) values ('2021-1-20' ,  31, 2200 , '1')
insert into Installment (date,paymentId,amount,done) values ('2021-1-30' ,  31, 2200 , '1')
insert into Installment (date,paymentId,amount,done) values ('2021-2-10' ,  31, 2200 , '1')
insert into Installment (date,paymentId,amount,done) values ('2022-2-20' , 31, 2200 , '0')
insert into Installment (date,paymentId,amount,done) values ('2022-2-28' ,  31, 2200 , '0')
insert into Installment (date,paymentId,amount,done) values ('2021-1-10' ,  32, 2200 , '1')
insert into Installment (date,paymentId,amount,done) values ('2021-1-20' ,  32, 2200 , '1')
insert into Installment (date,paymentId,amount,done) values ('2021-1-30' ,  32, 2200 , '1')
insert into Installment (date,paymentId,amount,done) values ('2021-2-10' ,  32, 2200 , '1')
insert into Installment (date,paymentId,amount,done) values ('2022-2-20' , 32, 2200 , '0')
insert into Installment (date,paymentId,amount,done) values ('2022-2-28' , 32 , 2200 , '0')
insert into Installment (date,paymentId,amount,done) values ('2021-1-10' ,33  , 2200 , '1')
insert into Installment (date,paymentId,amount,done) values ('2021-1-20' , 33 , 2200 , '1')
insert into Installment (date,paymentId,amount,done) values ('2022-1-30' , 33 , 2200 , '0')
insert into Installment (date,paymentId,amount,done) values ('2021-1-10' , 34, 2200 , '1')
insert into Installment (date,paymentId,amount,done) values ('2021-1-20' , 34, 2200 , '1')
insert into Installment (date,paymentId,amount,done) values ('2022-1-30' , 34 , 2200 , '0')
insert into Installment (date,paymentId,amount,done) values ('2021-1-10' , 35 , 2200 , '1')
insert into Installment (date,paymentId,amount,done) values ('2021-1-20' , 35 , 2200 , '1')
insert into Installment (date,paymentId,amount,done) values ('2022-1-30' , 35, 2200 , '0')
insert into Installment (date,paymentId,amount,done) values ('2021-1-10' , 36 , 2200 , '1')
insert into Installment (date,paymentId,amount,done) values ('2021-1-20' , 36, 2200 , '1')
insert into Installment (date,paymentId,amount,done) values ('2022-1-30' , 36 , 2200 , '0')
insert into Installment (date,paymentId,amount,done) values ('2021-1-10' , 37 , 2200 , '1')
insert into Installment (date,paymentId,amount,done) values ('2021-1-20' , 37 , 2200 , '1')
insert into Installment (date,paymentId,amount,done) values ('2021-1-30' , 37 , 2200 , '1')
insert into Installment (date,paymentId,amount,done) values ('2021-2-10' , 37 , 2200 , '1')
insert into Installment (date,paymentId,amount,done) values ('2022-2-20' , 37, 2200 , '0')
insert into Installment (date,paymentId,amount,done) values ('2022-2-28' , 37 , 2200 , '0')
insert into Installment (date,paymentId,amount,done) values ('2021-1-10' ,  38, 2200 , '1')
insert into Installment (date,paymentId,amount,done) values ('2021-1-20' ,  38, 2200 , '1')
insert into Installment (date,paymentId,amount,done) values ('2021-1-30' ,  38, 2200 , '1')
insert into Installment (date,paymentId,amount,done) values ('2021-2-10' , 38 , 2200 , '1')
insert into Installment (date,paymentId,amount,done) values ('2022-2-20' , 38, 2200 , '0')
insert into Installment (date,paymentId,amount,done) values ('2022-2-28' , 38 , 2200 , '0')
insert into Installment (date,paymentId,amount,done) values ('2021-1-10' ,  39, 2200 , '1')
insert into Installment (date,paymentId,amount,done) values ('2021-1-20' ,  39, 2200 , '1')
insert into Installment (date,paymentId,amount,done) values ('2021-1-30' ,  39, 2200 , '1')
insert into Installment (date,paymentId,amount,done) values ('2021-2-10' , 39 , 2200 , '1')
insert into Installment (date,paymentId,amount,done) values ('2022-2-20' ,39 , 2200 , '0')
insert into Installment (date,paymentId,amount,done) values ('2022-2-28' , 39 , 2200 , '0')
insert into Installment (date,paymentId,amount,done) values ('2021-1-10' , 40 , 2200 , '1')
insert into Installment (date,paymentId,amount,done) values ('2021-1-20' , 40 , 2200 , '1')
insert into Installment (date,paymentId,amount,done) values ('2021-1-30' ,40 , 2200 , '1')
insert into Installment (date,paymentId,amount,done) values ('2021-2-10' , 40 , 2200 , '1')
insert into Installment (date,paymentId,amount,done) values ('2022-2-20' , 40, 2200 , '0')
insert into Installment (date,paymentId,amount,done) values ('2022-2-28' , 40 , 2200 , '0')
insert into Installment (date,paymentId,amount,done) values ('2021-1-10' , 41 , 2200 , '1')
insert into Installment (date,paymentId,amount,done) values ('2021-1-20' , 41 , 2200 , '1')
insert into Installment (date,paymentId,amount,done) values ('2022-1-30' , 41 , 2200 , '0')
insert into Installment (date,paymentId,amount,done) values ('2021-1-10' , 42, 2200 , '1')
insert into Installment (date,paymentId,amount,done) values ('2021-1-20' , 42, 2200 , '1')
insert into Installment (date,paymentId,amount,done) values ('2022-1-30' , 42 , 2200 , '0')
insert into Installment (date,paymentId,amount,done) values ('2021-1-10' , 43 , 2200 , '1')
insert into Installment (date,paymentId,amount,done) values ('2021-1-20' , 43 , 2200 , '1')
insert into Installment (date,paymentId,amount,done) values ('2022-1-30' , 43, 2200 , '0')
insert into Installment (date,paymentId,amount,done) values ('2021-1-10' , 44 , 2200 , '1')
insert into Installment (date,paymentId,amount,done) values ('2021-1-20' , 44, 2200 , '1')
insert into Installment (date,paymentId,amount,done) values ('2022-1-30' , 44 , 2200 , '0')
insert into Installment (date,paymentId,amount,done) values ('2021-1-10' ,  45, 2200 , '1')
insert into Installment (date,paymentId,amount,done) values ('2021-1-20' , 45 , 2200 , '1')
insert into Installment (date,paymentId,amount,done) values ('2021-1-30' , 45, 2200 , '1')
insert into Installment (date,paymentId,amount,done) values ('2021-2-10' , 45 , 2200 , '1')
insert into Installment (date,paymentId,amount,done) values ('2022-2-20' , 45, 2200 , '0')
insert into Installment (date,paymentId,amount,done) values ('2022-2-28' , 45 , 2200 , '0')
insert into Installment (date,paymentId,amount,done) values ('2021-1-10' , 46 , 2200 , '1')
insert into Installment (date,paymentId,amount,done) values ('2021-1-20' , 46 , 2200 , '1')
insert into Installment (date,paymentId,amount,done) values ('2021-1-30' , 46 , 2200 , '1')
insert into Installment (date,paymentId,amount,done) values ('2021-2-10' , 46 , 2200 , '1')
insert into Installment (date,paymentId,amount,done) values ('2022-2-20' , 46, 2200 , '0')
insert into Installment (date,paymentId,amount,done) values ('2022-2-28' , 46 , 2200 , '0')
insert into Installment (date,paymentId,amount,done) values ('2021-1-10' , 47 , 2200 , '1')
insert into Installment (date,paymentId,amount,done) values ('2021-1-20' ,  47, 2200 , '1')
insert into Installment (date,paymentId,amount,done) values ('2021-1-30' ,47 , 2200 , '1')
insert into Installment (date,paymentId,amount,done) values ('2021-2-10' , 47 , 2200 , '1')
insert into Installment (date,paymentId,amount,done) values ('2022-2-20' , 47, 2200 , '0')
insert into Installment (date,paymentId,amount,done) values ('2022-2-28' ,  47, 2200 , '0')
insert into Installment (date,paymentId,amount,done) values ('2021-1-10' ,  48, 2200 , '1')
insert into Installment (date,paymentId,amount,done) values ('2021-1-20' ,48 , 2200 , '1')
insert into Installment (date,paymentId,amount,done) values ('2021-1-30' , 48 , 2200 , '1')
insert into Installment (date,paymentId,amount,done) values ('2021-2-10' , 48 , 2200 , '1')
insert into Installment (date,paymentId,amount,done) values ('2022-2-20' , 48, 2200 , '0')
insert into Installment (date,paymentId,amount,done) values ('2022-2-28' , 48, 2200 , '0')

go

--thesis
--gucian master  thesis
insert into Thesis (field,type,title,startDate,endDate,defenseDate,grade,payment_id,noExtension)
values ('engineering','master','robots ','2014-1-1','2023-1-1','2023-1-3',90,17,0)
insert into Thesis (field,type,title,startDate,endDate,defenseDate,grade,payment_id,noExtension)
values ('engineering','master','computer ','2014-2-1','2016-2-1','2016-2-3',87,18,0)
insert into Thesis (field,type,title,startDate,endDate,defenseDate,grade,payment_id,noExtension)
values ('engineering','master','electronics ','2015-3-1','2017-3-1','2017-3-3',85,19,0)
insert into Thesis (field,type,title,startDate,endDate,defenseDate,grade,payment_id,noExtension)
values ('engineering','master','capacitor','2018-4-1','2021-4-1','2021-4-3',92,20,2)
--gucian phd thesis
insert into Thesis (field,type,title,startDate,endDate,defenseDate,grade,payment_id,noExtension)
values ('engineering','phd','resistance','2018-5-1','2023-5-1','2023-5-3',78,21,2)
insert into Thesis (field,type,title,startDate,endDate,defenseDate,grade,payment_id,noExtension)
values ('engineering','phd','diodes','2013-6-1','2018-6-1','2018-6-3',81,22,0)
insert into Thesis (field,type,title,startDate,endDate,defenseDate,grade,payment_id,noExtension)
values ('engineering','phd','electricity','2012-7-1','2017-7-1','2017-7-3',84,23,3)
insert into Thesis (field,type,title,startDate,endDate,defenseDate,grade,payment_id,noExtension)
values ('engineering','phd','waves','2019-8-1','2021-8-1','2021-8-3',97,24,0)
--gucian master thesis
insert into Thesis (field,type,title,startDate,endDate,defenseDate,grade,payment_id,noExtension)
values ('management','master','Budgeting','2014-1-1','2023-1-1','2023-1-3',85,25,0)
insert into Thesis (field,type,title,startDate,endDate,defenseDate,grade,payment_id,noExtension)
values ('management','master','Metrics','2015-2-1','2018-2-1','2018-2-3',86,26,1)
insert into Thesis (field,type,title,startDate,endDate,defenseDate,grade,payment_id,noExtension)
values ('management','master','Finance','2016-3-1','2019-3-1','2019-3-3',87,27,2)
insert into Thesis (field,type,title,startDate,endDate,defenseDate,grade,payment_id,noExtension)
values ('management','master','Supply chain','2017-4-1','2020-4-1','2020-4-3',88,28,0)
--gucian phd thesis
insert into Thesis (field,type,title,startDate,endDate,defenseDate,grade,payment_id,noExtension)
values ('management','phd','Bottom-line ','2018-5-1','2023-5-1','2023-5-3',89,29,3)
insert into Thesis (field,type,title,startDate,endDate,defenseDate,grade,payment_id,noExtension)
values ('management','phd','Logistics','2019-6-1','2020-6-1','2021-6-3',90,30,0)
insert into Thesis (field,type,title,startDate,endDate,defenseDate,grade,payment_id,noExtension)
values ('management','phd','Profit and loss','2014-7-1','2016-7-1','2016-7-3',91,31,0)
insert into Thesis (field,type,title,startDate,endDate,defenseDate,grade,payment_id,noExtension)
values ('management','phd','Market positioning','2013-8-1','2015-8-1','2015-8-3',92,32,0)
--nongucian master  thesis
insert into Thesis (field,type,title,startDate,endDate,defenseDate,grade,payment_id,noExtension)
values ('engineering','master','pc ','2014-1-1','2023-1-1','2023-1-3',72,33,0)
insert into Thesis (field,type,title,startDate,endDate,defenseDate,grade,payment_id,noExtension)
values ('engineering','master','laptop ','2014-2-1','2016-2-1','2016-2-3',73,34,0)
insert into Thesis (field,type,title,startDate,endDate,defenseDate,grade,payment_id,noExtension)
values ('engineering','master','signals ','2015-3-1','2017-3-1','2017-3-3',74,35,0)
insert into Thesis (field,type,title,startDate,endDate,defenseDate,grade,payment_id,noExtension)
values ('engineering','master','digital','2018-4-1','2021-4-1','2021-4-3',75,36,2)
--nongucian phd thesis
insert into Thesis (field,type,title,startDate,endDate,defenseDate,grade,payment_id,noExtension)
values ('engineering','phd','analog','2018-5-1','2023-5-1','2023-5-3',76,37,2)
insert into Thesis (field,type,title,startDate,endDate,defenseDate,grade,payment_id,noExtension)
values ('engineering','phd','photons','2013-6-1','2018-6-1','2018-6-3',77,38,0)
insert into Thesis (field,type,title,startDate,endDate,defenseDate,grade,payment_id,noExtension)
values ('engineering','phd','protons','2012-7-1','2017-7-1','2017-7-3',78,39,3)
insert into Thesis (field,type,title,startDate,endDate,defenseDate,grade,payment_id,noExtension)
values ('engineering','phd','solar','2019-8-1','2021-8-1','2021-8-3',79,40,0)
--nongucian master thesis
insert into Thesis (field,type,title,startDate,endDate,defenseDate,grade,payment_id,noExtension)
values ('management','master','PR','2014-1-1','2023-1-1','2023-1-3',67,41,0)
insert into Thesis (field,type,title,startDate,endDate,defenseDate,grade,payment_id,noExtension)
values ('management','master','HR','2015-2-1','2018-2-1','2018-2-3',68,42,1)
insert into Thesis (field,type,title,startDate,endDate,defenseDate,grade,payment_id,noExtension)
values ('management','master','FR','2016-3-1','2019-3-1','2019-3-3',69,43,2)
insert into Thesis (field,type,title,startDate,endDate,defenseDate,grade,payment_id,noExtension)
values ('management','master','Company mission','2017-4-1','2020-4-1','2020-4-3',70,44,0)
--nongucian  phd thesis
insert into Thesis (field,type,title,startDate,endDate,defenseDate,grade,payment_id,noExtension)
values ('management','phd','Corporate responsibility ','2018-5-1','2023-5-1','2023-5-3',71,45,3)
insert into Thesis (field,type,title,startDate,endDate,defenseDate,grade,payment_id,noExtension)
values ('management','phd','Administration','2019-6-1','2020-6-1','2021-6-3',72,46,0)
insert into Thesis (field,type,title,startDate,endDate,defenseDate,grade,payment_id,noExtension)
values ('management','phd','Accounts receivable','2014-7-1','2016-7-1','2016-7-3',73,47,0)
insert into Thesis (field,type,title,startDate,endDate,defenseDate,grade,payment_id,noExtension)
values ('management','phd','Collaboration','2013-8-1','2015-8-1','2015-8-3',74,48,0)
--test case for 3(h)
insert into Thesis (field,type,title,startDate,endDate,defenseDate,grade,payment_id,noExtension)
values ('management','phd','community','2013-8-1','2015-8-1','2015-8-3',74,null,0)
--test case for 4(h)
insert into Thesis (field,type,title,startDate,endDate,defenseDate,grade,payment_id,noExtension)
values ('management','phd','community','2013-8-1','2015-8-1','2015-8-3',null,null,0)
--test case for 5(a)
insert into Thesis (field,type,title,startDate,endDate,defenseDate,grade,payment_id,noExtension)
values ('management','phd','community','2013-8-1','2015-8-1','2015-8-3',70,null,0)

go

--defense 
--gucian master and phd defenses
insert into defense (serialNumber,Date,location,grade) values (1,'2023-1-3','guc-H14',90)
insert into defense (serialNumber,Date,location,grade) values (2,'2016-2-3','guc-H14',87)
insert into defense (serialNumber,Date,location,grade) values (3,'2017-3-3','guc-H14',85)
insert into defense (serialNumber,Date,location,grade) values (4,'2021-4-3','guc-H14',92)
insert into defense (serialNumber,Date,location,grade) values (5,'2023-5-3','guc-H14',78)
insert into defense (serialNumber,Date,location,grade) values (6,'2018-6-3','guc-H14',81)
insert into defense (serialNumber,Date,location,grade) values (7,'2017-7-3','guc-H14',84)
insert into defense (serialNumber,Date,location,grade) values (8,'2021-8-3','guc-H14',97)
insert into defense (serialNumber,Date,location,grade) values (9,'2023-1-3','guc-H14',85)
insert into defense (serialNumber,Date,location,grade) values (10,'2018-2-3','guc-H14',86)
insert into defense (serialNumber,Date,location,grade) values (11,'2019-3-3','guc-H14',87)
insert into defense (serialNumber,Date,location,grade) values (12,'2020-4-3','guc-H14',88)
insert into defense (serialNumber,Date,location,grade) values (13,'2023-5-3','guc-H14',89)
insert into defense (serialNumber,Date,location,grade) values (14,'2021-6-3','guc-H14',90)
insert into defense (serialNumber,Date,location,grade) values (15,'2016-7-3','guc-H14',91)
insert into defense (serialNumber,Date,location,grade) values (16,'2015-8-3','guc-H14',92)
--nongucian master and phd defenses
insert into defense (serialNumber,Date,location,grade) values (17,'2023-1-3','guc-H14',72)
insert into defense (serialNumber,Date,location,grade) values (18,'2016-2-3','guc-H14',73)
insert into defense (serialNumber,Date,location,grade) values (19,'2017-3-3','guc-H14',74)
insert into defense (serialNumber,Date,location,grade) values (20,'2021-4-3','guc-H14',75)
insert into defense (serialNumber,Date,location,grade) values (21,'2023-5-3','guc-H14',76)
insert into defense (serialNumber,Date,location,grade) values (22,'2018-6-3','guc-H14',77)
insert into defense (serialNumber,Date,location,grade) values (23,'2017-7-3','guc-H16',78)
insert into defense (serialNumber,Date,location,grade) values (24,'2021-8-3','guc-H16',79)
insert into defense (serialNumber,Date,location,grade) values (25,'2023-1-3','guc-H16',67)
insert into defense (serialNumber,Date,location,grade) values (26,'2018-2-3','guc-H16',68)
insert into defense (serialNumber,Date,location,grade) values (27,'2019-3-3','guc-H16',69)
insert into defense (serialNumber,Date,location,grade) values (28,'2020-4-3','guc-H16',70)
insert into defense (serialNumber,Date,location,grade) values (29,'2023-5-3','guc-H16',71)
insert into defense (serialNumber,Date,location,grade) values (30,'2021-6-3','guc-H16',72)
insert into defense (serialNumber,Date,location,grade) values (31,'2016-7-3','guc-H16',73)
insert into defense (serialNumber,Date,location,grade) values (32,'2015-8-3','guc-H16',74)
--test case for 5(a)
insert into  defense (serialNumber,Date,location,grade) values (35,'2015-8-3','guc-H16',null)

go

--publications
--gucian master and phd publications
insert into Publication (title,date,place,accepted,host) values ('1 thesis','2023-9-1','guc','1','media center')
insert into Publication (title,date,place,accepted,host) values ('2 thesis','2021-9-1','guc','1','media center')
insert into Publication (title,date,place,accepted,host) values ('3 thesis','2021-9-1','guc','0','media center')
insert into Publication (title,date,place,accepted,host) values ('4 thesis','2021-9-1','guc','1','media center')
insert into Publication (title,date,place,accepted,host) values ('5 thesis','2023-9-2','guc','1','media center')
insert into Publication (title,date,place,accepted,host) values ('6 thesis','2021-9-2','guc','0','media center')
insert into Publication (title,date,place,accepted,host) values ('7 thesis','2021-9-2','guc','1','media center')
insert into Publication (title,date,place,accepted,host) values ('8 thesis','2021-9-2','guc','1','media center')
insert into Publication (title,date,place,accepted,host) values ('9 thesis','2023-9-3','guc','0','media center')
insert into Publication (title,date,place,accepted,host) values ('10 thesis','2021-9-3','guc','1','media center')
insert into Publication (title,date,place,accepted,host) values ('11 thesis','2021-9-3','guc','1','media center')
insert into Publication (title,date,place,accepted,host) values ('12 thesis','2021-9-3','guc','1','media center')
insert into Publication (title,date,place,accepted,host) values ('13 thesis','2023-9-4','guc','0','media center')
insert into Publication (title,date,place,accepted,host) values ('14 thesis','2021-9-4','guc','1','media center')
insert into Publication (title,date,place,accepted,host) values ('15 thesis','2021-9-4','guc','1','media center')
insert into Publication (title,date,place,accepted,host) values ('16 thesis','2021-9-4','guc','1','media center')
--nongucian master and phd publications
insert into Publication (title,date,place,accepted,host) values ('17 thesis','2023-9-5','guc','0','media center')
insert into Publication (title,date,place,accepted,host) values ('18 thesis','2021-9-5','guc','1','media center')
insert into Publication (title,date,place,accepted,host) values ('19 thesis','2021-9-5','guc','1','media center')
insert into Publication (title,date,place,accepted,host) values ('20 thesis','2021-9-5','guc','0','media center')
insert into Publication (title,date,place,accepted,host) values ('21 thesis','2023-9-6','guc','1','media center')
insert into Publication (title,date,place,accepted,host) values ('22 thesis','2021-9-6','guc','1','media center')
insert into Publication (title,date,place,accepted,host) values ('23 thesis','2021-9-6','guc','1','media center')
insert into Publication (title,date,place,accepted,host) values ('24 thesis','2021-9-6','guc','0','media center')
insert into Publication (title,date,place,accepted,host) values ('25 thesis','2023-9-7','guc','1','media center')
insert into Publication (title,date,place,accepted,host) values ('26 thesis','2021-9-7','guc','1','media center')
insert into Publication (title,date,place,accepted,host) values ('27 thesis','2021-9-7','guc','1','media center')
insert into Publication (title,date,place,accepted,host) values ('28 thesis','2021-9-7','guc','0','media center')
insert into Publication (title,date,place,accepted,host) values ('29 thesis','2023-9-8','guc','1','media center')
insert into Publication (title,date,place,accepted,host) values ('30 thesis','2021-9-8','guc','1','media center')
insert into Publication (title,date,place,accepted,host) values ('31 thesis','2021-9-8','guc','1','media center')
insert into Publication (title,date,place,accepted,host) values ('32 thesis','2021-9-8','guc','0','media center')

go

--gucianprogressreport

insert into GUCianProgressReport (sid,no,date,eval,state,thesisSerialNumber,supid,description)
values (1,1,'2018-12-1',2,70,1,49,'well job')
insert into GUCianProgressReport (sid,no,date,eval,state,thesisSerialNumber,supid,description)
values (2,2,'2016-1-1',2,70,2,50,'well job')
insert into GUCianProgressReport (sid,no,date,eval,state,thesisSerialNumber,supid,description)
values (3,3,'2017-2-1',2,70,3,51,'well job')
insert into GUCianProgressReport (sid,no,date,eval,state,thesisSerialNumber,supid,description)
values (4,4,'2021-3-1',2,70,4,52,'well job')
insert into GUCianProgressReport (sid,no,date,eval,state,thesisSerialNumber,supid,description)
values (5,5,'2019-3-2',2,70,5,53,'well job')
insert into GUCianProgressReport (sid,no,date,eval,state,thesisSerialNumber,supid,description)
values (6,6,'2018-3-2',2,70,6,54,'well job')
insert into GUCianProgressReport (sid,no,date,eval,state,thesisSerialNumber,supid,description)
values (7,7,'2017-3-2',2,70,7,55,'well job')
insert into GUCianProgressReport (sid,no,date,eval,state,thesisSerialNumber,supid,description)
values (8,8,'2021-3-2',2,70,8,56,'well job')
insert into GUCianProgressReport (sid,no,date,eval,state,thesisSerialNumber,supid,description)
values (9,9,'2017-3-3',1,80,9,57,'good work')
insert into GUCianProgressReport (sid,no,date,eval,state,thesisSerialNumber,supid,description)
values (10,10,'2018-1-3',1,80,10,58,'good work')
insert into GUCianProgressReport (sid,no,date,eval,state,thesisSerialNumber,supid,description)
values (11,11,'2019-1-3',1,80,11,59,'good work')
insert into GUCianProgressReport (sid,no,date,eval,state,thesisSerialNumber,supid,description)
values (12,12,'2020-3-3',1,80,12,60,'good work')
insert into GUCianProgressReport (sid,no,date,eval,state,thesisSerialNumber,supid,description)
values (13,13,'2019-3-4',1,80,13,61,'good work')
insert into GUCianProgressReport (sid,no,date,eval,state,thesisSerialNumber,supid,description)
values (14,14,'2020-3-4',1,80,14,62,'good work')
insert into GUCianProgressReport (sid,no,date,eval,state,thesisSerialNumber,supid,description)
values (15,15,'2016-3-4',1,80,15,63,'good work')
insert into GUCianProgressReport (sid,no,date,eval,state,thesisSerialNumber,supid,description)
values (16,16,'2015-3-4',1,80,16,64,'good work')

go

--nongucianprogressreport

insert into NonGUCianProgressReport (sid,no,date,eval,state,thesisSerialNumber,supid,description)
values (17,1,'2020-3-1',2,80,17,49,'well job')
insert into nonGUCianProgressReport (sid,no,date,eval,state,thesisSerialNumber,supid,description)
values (18,2,'2016-1-1',2,80,18,50,'well job')
insert into NonGUCianProgressReport (sid,no,date,eval,state,thesisSerialNumber,supid,description)
values (19,3,'2017-1-1',2,80,19,51,'well job')
insert into nonGUCianProgressReport (sid,no,date,eval,state,thesisSerialNumber,supid,description)
values (20,4,'2021-3-1',2,80,20,52,'well job')
insert into NonGUCianProgressReport (sid,no,date,eval,state,thesisSerialNumber,supid,description)
values (21,5,'2020-3-2',2,80,21,53,'well job')
insert into nonGUCianProgressReport (sid,no,date,eval,state,thesisSerialNumber,supid,description)
values (22,6,'2018-3-2',2,80,22,54,'well job')
insert into nonGUCianProgressReport (sid,no,date,eval,state,thesisSerialNumber,supid,description)
values (23,7,'2017-3-2',2,80,23,55,'well job')
insert into nonGUCianProgressReport (sid,no,date,eval,state,thesisSerialNumber,supid,description)
values (24,8,'2021-3-2',2,80,24,56,'well job')
insert into nonGUCianProgressReport (sid,no,date,eval,state,thesisSerialNumber,supid,description)
values (25,9,'2020-3-3',1,90,25,57,'good work')
insert into nonGUCianProgressReport (sid,no,date,eval,state,thesisSerialNumber,supid,description)
values (26,10,'2018-1-3',1,90,26,58,'good work')
insert into nonGUCianProgressReport (sid,no,date,eval,state,thesisSerialNumber,supid,description)
values (27,11,'2019-2-3',1,90,27,59,'good work')
insert into nonGUCianProgressReport (sid,no,date,eval,state,thesisSerialNumber,supid,description)
values (28,12,'2020-3-3',1,90,28,60,'good work')
insert into nonGUCianProgressReport (sid,no,date,eval,state,thesisSerialNumber,supid,description)
values (29,13,'2020-3-4',1,90,29,61,'good work')
insert into nonGUCianProgressReport (sid,no,date,eval,state,thesisSerialNumber,supid,description)
values (30,14,'2020-3-4',1,90,30,62,'good work')
insert into nonGUCianProgressReport (sid,no,date,eval,state,thesisSerialNumber,supid,description)
values (31,15,'2016-3-4',1,90,31,63,'good work')
insert into nonGUCianProgressReport (sid,no,date,eval,state,thesisSerialNumber,supid,description)
values (32,16,'2015-3-4',0,90,32,64,'good work')

go

--gucianregisterthesis
insert into GUCianStudentRegisterThesis (sid,supid,serial_no) values(1,49,1)
insert into GUCianStudentRegisterThesis (sid,supid,serial_no) values(2,50,2)
insert into GUCianStudentRegisterThesis (sid,supid,serial_no) values(3,51,3)
insert into GUCianStudentRegisterThesis (sid,supid,serial_no) values(4,52,4)
insert into GUCianStudentRegisterThesis (sid,supid,serial_no) values(5,53,5)
insert into GUCianStudentRegisterThesis (sid,supid,serial_no) values(6,54,6)
insert into GUCianStudentRegisterThesis (sid,supid,serial_no) values(7,55,7)
insert into GUCianStudentRegisterThesis (sid,supid,serial_no) values(8,56,8)
insert into GUCianStudentRegisterThesis (sid,supid,serial_no) values(9,57,9)
insert into GUCianStudentRegisterThesis (sid,supid,serial_no) values(10,58,10)
insert into GUCianStudentRegisterThesis (sid,supid,serial_no) values(11,59,11)
insert into GUCianStudentRegisterThesis (sid,supid,serial_no) values(12,60,12)
insert into GUCianStudentRegisterThesis (sid,supid,serial_no) values(13,61,13)
insert into GUCianStudentRegisterThesis (sid,supid,serial_no) values(14,62,14)
insert into GUCianStudentRegisterThesis (sid,supid,serial_no) values(15,63,15)
insert into GUCianStudentRegisterThesis (sid,supid,serial_no) values(16,64,16)

go

--nongucianregisterthesis

insert into nonGUCianStudentRegisterThesis (sid,supid,serial_no) values(17,49,17)
insert into nonGUCianStudentRegisterThesis (sid,supid,serial_no) values(18,50,18)
insert into nonGUCianStudentRegisterThesis (sid,supid,serial_no) values(19,51,19)
insert into nonGUCianStudentRegisterThesis (sid,supid,serial_no) values(20,52,20)
insert into nonGUCianStudentRegisterThesis (sid,supid,serial_no) values(21,53,21)
insert into nonGUCianStudentRegisterThesis (sid,supid,serial_no) values(22,54,22)
insert into nonGUCianStudentRegisterThesis (sid,supid,serial_no) values(23,55,23)
insert into nonGUCianStudentRegisterThesis (sid,supid,serial_no) values(24,56,24)
insert into nonGUCianStudentRegisterThesis (sid,supid,serial_no) values(25,57,25)
insert into nonGUCianStudentRegisterThesis (sid,supid,serial_no) values(26,58,26)
insert into nonGUCianStudentRegisterThesis (sid,supid,serial_no) values(27,59,27)
insert into nonGUCianStudentRegisterThesis (sid,supid,serial_no) values(28,60,28)
insert into nonGUCianStudentRegisterThesis (sid,supid,serial_no) values(29,61,29)
insert into nonGUCianStudentRegisterThesis (sid,supid,serial_no) values(30,62,30)
insert into nonGUCianStudentRegisterThesis (sid,supid,serial_no) values(31,63,31)
insert into nonGUCianStudentRegisterThesis (sid,supid,serial_no) values(32,64,32)

go

--nongucian courses

insert into NonGucianStudentTakeCourse (sid,cid,grade) values (17,1,65)
insert into NonGucianStudentTakeCourse (sid,cid,grade) values (18,1,65)
insert into NonGucianStudentTakeCourse (sid,cid,grade) values (19,1,65)
insert into NonGucianStudentTakeCourse (sid,cid,grade) values (20,1,65)
insert into NonGucianStudentTakeCourse (sid,cid,grade) values (21,2,67)
insert into NonGucianStudentTakeCourse (sid,cid,grade) values (22,2,67)
insert into NonGucianStudentTakeCourse (sid,cid,grade) values (23,2,67)
insert into NonGucianStudentTakeCourse (sid,cid,grade) values (24,2,67)
insert into NonGucianStudentTakeCourse (sid,cid,grade) values (25,3,69)
insert into NonGucianStudentTakeCourse (sid,cid,grade) values (26,3,69)
insert into NonGucianStudentTakeCourse (sid,cid,grade) values (27,3,69)
insert into NonGucianStudentTakeCourse (sid,cid,grade) values (28,3,69)
insert into NonGucianStudentTakeCourse (sid,cid,grade) values (29,4,63)
insert into NonGucianStudentTakeCourse (sid,cid,grade) values (30,4,63)
insert into NonGucianStudentTakeCourse (sid,cid,grade) values (31,4,63)
insert into NonGucianStudentTakeCourse (sid,cid,grade) values (32,4,63)

go

-- non gucian pay for courses

insert into NonGucianStudentPayForCourse (sid,paymentNo,cid) values (17,1,1)
insert into NonGucianStudentPayForCourse (sid,paymentNo,cid) values (18,2,1)
insert into NonGucianStudentPayForCourse (sid,paymentNo,cid) values (19,3,1)
insert into NonGucianStudentPayForCourse (sid,paymentNo,cid) values (20,4,1)
insert into NonGucianStudentPayForCourse (sid,paymentNo,cid) values (21,5,2)
insert into NonGucianStudentPayForCourse (sid,paymentNo,cid) values (22,6,2)
insert into NonGucianStudentPayForCourse (sid,paymentNo,cid) values (23,7,2)
insert into NonGucianStudentPayForCourse (sid,paymentNo,cid) values (24,8,2)
insert into NonGucianStudentPayForCourse (sid,paymentNo,cid) values (25,9,3)
insert into NonGucianStudentPayForCourse (sid,paymentNo,cid) values (26,10,3)
insert into NonGucianStudentPayForCourse (sid,paymentNo,cid) values (27,11,3)
insert into NonGucianStudentPayForCourse (sid,paymentNo,cid) values (28,12,3)
insert into NonGucianStudentPayForCourse (sid,paymentNo,cid) values (29,13,4)
insert into NonGucianStudentPayForCourse (sid,paymentNo,cid) values (30,14,4)
insert into NonGucianStudentPayForCourse (sid,paymentNo,cid) values (31,15,4)
insert into NonGucianStudentPayForCourse (sid,paymentNo,cid) values (32,16,4)

go

--thesis has publication
insert into ThesisHasPublication (serialNo,pubid) values (1,1)
insert into ThesisHasPublication (serialNo,pubid) values (2,2)
insert into ThesisHasPublication (serialNo,pubid) values (3,3)
insert into ThesisHasPublication (serialNo,pubid) values (4,4)
insert into ThesisHasPublication (serialNo,pubid) values (5,5)
insert into ThesisHasPublication (serialNo,pubid) values (6,6)
insert into ThesisHasPublication (serialNo,pubid) values (7,7)
insert into ThesisHasPublication (serialNo,pubid) values (8,8)
insert into ThesisHasPublication (serialNo,pubid) values (9,9)
insert into ThesisHasPublication (serialNo,pubid) values (10,10)
insert into ThesisHasPublication (serialNo,pubid) values (11,11)
insert into ThesisHasPublication (serialNo,pubid) values (12,12)
insert into ThesisHasPublication (serialNo,pubid) values (13,13)
insert into ThesisHasPublication (serialNo,pubid) values (14,14)
insert into ThesisHasPublication (serialNo,pubid) values (15,15)
insert into ThesisHasPublication (serialNo,pubid) values (16,16)
insert into ThesisHasPublication (serialNo,pubid) values (17,17)
insert into ThesisHasPublication (serialNo,pubid) values (18,18)
insert into ThesisHasPublication (serialNo,pubid) values (19,19)
insert into ThesisHasPublication (serialNo,pubid) values (20,20)
insert into ThesisHasPublication (serialNo,pubid) values (21,21)
insert into ThesisHasPublication (serialNo,pubid) values (22,22)
insert into ThesisHasPublication (serialNo,pubid) values (23,23)
insert into ThesisHasPublication (serialNo,pubid) values (24,24)
insert into ThesisHasPublication (serialNo,pubid) values (25,25)
insert into ThesisHasPublication (serialNo,pubid) values (26,26)
insert into ThesisHasPublication (serialNo,pubid) values (27,27)
insert into ThesisHasPublication (serialNo,pubid) values (28,28)
insert into ThesisHasPublication (serialNo,pubid) values (29,29)
insert into ThesisHasPublication (serialNo,pubid) values (30,30)
insert into ThesisHasPublication (serialNo,pubid) values (31,31)
insert into ThesisHasPublication (serialNo,pubid) values (32,32)

go

-- examiner evaluate defense
--gucian defenses
insert into ExaminerEvaluateDefense (date,serialNo,examinerId,comment) 
values ( '2023-1-3' , 1 , 65 , 'good job')
insert into ExaminerEvaluateDefense (date,serialNo,examinerId,comment) 
values ( '2016-2-3' , 2 , 66 , 'good job')
insert into ExaminerEvaluateDefense (date,serialNo,examinerId,comment) 
values ( '2017-3-3' , 3 , 67 , 'good job')
insert into ExaminerEvaluateDefense (date,serialNo,examinerId,comment) 
values (  '2021-4-3' , 4 , 68 , 'good job')
insert into ExaminerEvaluateDefense (date,serialNo,examinerId,comment) 
values (  '2023-5-3', 5 , 69 , 'good job')
insert into ExaminerEvaluateDefense (date,serialNo,examinerId,comment) 
values (  '2018-6-3', 6 , 70 , 'good job')
insert into ExaminerEvaluateDefense (date,serialNo,examinerId,comment) 
values (   '2017-7-3' , 7 , 71 , 'good job')
insert into ExaminerEvaluateDefense (date,serialNo,examinerId,comment) 
values (  '2021-8-3' , 8 , 72 , 'good job')
insert into ExaminerEvaluateDefense (date,serialNo,examinerId,comment) 
values ( '2023-1-3' , 9 , 73 , 'good job')
insert into ExaminerEvaluateDefense (date,serialNo,examinerId,comment) 
values ( '2018-2-3'  , 10 , 74 , 'good job')
insert into ExaminerEvaluateDefense (date,serialNo,examinerId,comment) 
values ( '2019-3-3'  , 11 , 75 , 'good job')
insert into ExaminerEvaluateDefense (date,serialNo,examinerId,comment) 
values ( '2020-4-3' , 12 , 76 , 'good job')
insert into ExaminerEvaluateDefense (date,serialNo,examinerId,comment) 
values ( '2023-5-3'  , 13 , 77 , 'good job')
insert into ExaminerEvaluateDefense (date,serialNo,examinerId,comment) 
values ( '2021-6-3', 14 , 78 , 'good job')
insert into ExaminerEvaluateDefense (date,serialNo,examinerId,comment) 
values ( '2016-7-3', 15 , 79 , 'good job')
insert into ExaminerEvaluateDefense (date,serialNo,examinerId,comment) 
values ( '2015-8-3' , 16 , 80 , 'good job')
--nongucian defenses
insert into ExaminerEvaluateDefense (date,serialNo,examinerId,comment) 
values ( '2023-1-3' , 17 , 65 , 'good job')
insert into ExaminerEvaluateDefense (date,serialNo,examinerId,comment) 
values ( '2016-2-3', 18 , 66 , 'good job')
insert into ExaminerEvaluateDefense (date,serialNo,examinerId,comment) 
values ( '2017-3-3' , 19 , 67 , 'good job')
insert into ExaminerEvaluateDefense (date,serialNo,examinerId,comment) 
values ('2021-4-3' , 20 , 68 , 'good job')
insert into ExaminerEvaluateDefense (date,serialNo,examinerId,comment) 
values ('2023-5-3'  , 21, 69 , 'good job')
insert into ExaminerEvaluateDefense (date,serialNo,examinerId,comment) 
values ( '2018-6-3' , 22 , 70 , 'good job')
insert into ExaminerEvaluateDefense (date,serialNo,examinerId,comment) 
values ('2017-7-3' , 23, 71 , 'good job')
insert into ExaminerEvaluateDefense (date,serialNo,examinerId,comment) 
values ('2021-8-3' , 24, 72 , 'good job')
insert into ExaminerEvaluateDefense (date,serialNo,examinerId,comment) 
values ( '2023-1-3' , 25, 73 , 'good job')
insert into ExaminerEvaluateDefense (date,serialNo,examinerId,comment) 
values ('2018-2-3' , 26 , 74 , 'good job')
insert into ExaminerEvaluateDefense (date,serialNo,examinerId,comment) 
values ('2019-3-3', 27 , 75 , 'good job')
insert into ExaminerEvaluateDefense (date,serialNo,examinerId,comment) 
values ('2020-4-3', 28 , 76 , 'good job')
insert into ExaminerEvaluateDefense (date,serialNo,examinerId,comment) 
values ('2023-5-3', 29 , 77 , 'good job')
insert into ExaminerEvaluateDefense (date,serialNo,examinerId,comment) 
values ('2021-6-3', 30 , 78 , 'good job')
insert into ExaminerEvaluateDefense (date,serialNo,examinerId,comment) 
values ('2016-7-3', 31 , 79 , 'good job')
insert into ExaminerEvaluateDefense (date,serialNo,examinerId,comment) 
values ('2015-8-3', 32 , 80 , 'good job')
--test case for 5(b)
insert  into ExaminerEvaluateDefense (date,serialNo,examinerId,comment) 
values ('2015-8-3', 35 , 80 , null)

go